insert  into Исполнители(исполнитель_id, исполнитель)
values(1,'Руки вверх');
insert  into Исполнители(исполнитель_id, исполнитель)
values(2, 'ANNA ASTI');
insert  into Исполнители(исполнитель_id, исполнитель)
values(3, 'Ани Лорак');
insert  into Исполнители(исполнитель_id, исполнитель)
values(4, 'EMINEM');
insert  into Исполнители(исполнитель_id, исполнитель)
values(5, '50 Cent');
insert  into Исполнители(исполнитель_id, исполнитель)
values(6, 'Snoop Dogg');
insert  into Исполнители(исполнитель_id, исполнитель)
values(7, 'КИНО');
insert  into Исполнители(исполнитель_id, исполнитель)
values(8, 'БИ-2');

insert  into МузыкальныеЖанры(жанр_id, жанр)
values(1, 'поп');
insert  into МузыкальныеЖанры(жанр_id, жанр)
values(2, 'хип-хоп');
insert  into МузыкальныеЖанры(жанр_id, жанр)
values(3, 'рок');

insert  into Альбомы(альбом_id, альбом, год)
values(1, 'Дышите равномерно', 1997);
insert  into Альбомы(альбом_id, альбом, год)
values(2, 'Здравствуй, это я', 2000);
insert  into Альбомы(альбом_id, альбом, год)
values(3, 'Маленькие девочки', 2001);
insert  into Альбомы(альбом_id, альбом, год)
values(4, 'Феникс', 2022);
insert  into Альбомы(альбом_id, альбом, год)
values(5, 'Солнце', 2009);
insert  into Альбомы(альбом_id, альбом, год)
values(6, 'Я жива', 2021);
insert  into Альбомы(альбом_id, альбом, год)
values(7, 'Уходи по-английки', 2015);
insert  into Альбомы(альбом_id, альбом, год)
values(8, 'The Slim Shady LP', 1999);
insert  into Альбомы(альбом_id, альбом, год)
values(9, 'The Emiem Show', 2002);
insert  into Альбомы(альбом_id, альбом, год)
values(10, 'Encore ', 2004);
insert  into Альбомы(альбом_id, альбом, год)
values(11, 'P.I.M.P.', 2003);
insert  into Альбомы(альбом_id, альбом, год)
values(12, 'Get Rich Or Die Tryin', 2004);
insert  into Альбомы(альбом_id, альбом, год)
values(13, 'The Massacre', 2005);
insert  into Альбомы(альбом_id, альбом, год)
values(14, 'What Is This?', 2017);
insert  into Альбомы(альбом_id, альбом, год)
values(15, '45', 1982);
insert  into Альбомы(альбом_id, альбом, год)
values(16, '46', 1983);
insert  into Альбомы(альбом_id, альбом, год)
values(17, 'Prague Metropolitan Symphonic Orchestra Vol. 3', 2019);

insert  into Треки(трек_id, альбом_id, трек, продолжительность)
values(1, 1, 'Дышите равномерно', '178');
insert  into Треки(трек_id, альбом_id, трек, продолжительность)
values(2, 1, 'Малыш', '175');
insert  into Треки(трек_id, альбом_id, трек, продолжительность)
values(3, 1, 'Студент', '235');
insert  into Треки(трек_id, альбом_id, трек, продолжительность)
values(4, 2, 'Ай-яй-яй', '255');
insert  into Треки(трек_id, альбом_id, трек, продолжительность)
values(5, 2, 'Он не любит тебя ', '231');
insert  into Треки(трек_id, альбом_id, трек, продолжительность)
values(6, 2, 'Киска любовь', '230');
insert  into Треки(трек_id, альбом_id, трек, продолжительность)
values(7, 3, 'Маленькеие девочки', '301');
insert  into Треки(трек_id, альбом_id, трек, продолжительность)
values(8, 3, '18 мне уже', '295');
insert  into Треки(трек_id, альбом_id, трек, продолжительность)
values(9, 3, 'Сережа', '285');
insert  into Треки(трек_id, альбом_id, трек, продолжительность)
values(10, 4, 'Моя птичка', '355');
insert  into Треки(трек_id, альбом_id, трек, продолжительность)
values(11, 4, 'Затмило', '315');
insert  into Треки(трек_id, альбом_id, трек, продолжительность)
values(12, 4, 'Повело', '228');
insert  into Треки(трек_id, альбом_id, трек, продолжительность)
values(13, 5, 'А дальше', '267');
insert  into Треки(трек_id, альбом_id, трек, продолжительность)
values(14, 5, 'Танцы', '307');
insert  into Треки(трек_id, альбом_id, трек, продолжительность)
values(15, 5, 'Небеса ладони', '234');
insert  into Треки(трек_id, альбом_id, трек, продолжительность)
values(16, 6, 'На половину мой', '202');
insert  into Треки(трек_id, альбом_id, трек, продолжительность)
values(17, 7, 'Уходи по-английски', '265');
insert  into Треки(трек_id, альбом_id, трек, продолжительность)
values(18, 8, 'Public Service Announcement', '33');
insert  into Треки(трек_id, альбом_id, трек, продолжительность)
values(19, 8, 'My Name Is', '268');
insert  into Треки(трек_id, альбом_id, трек, продолжительность)
values(20, 8, 'Guilty Conscience', '199');
insert  into Треки(трек_id, альбом_id, трек, продолжительность)
values(21, 9, 'Curtains Up', '117');
insert  into Треки(трек_id, альбом_id, трек, продолжительность)
values(22, 9, 'White America', '297');
insert  into Треки(трек_id, альбом_id, трек, продолжительность)
values(23, 9, 'Business', '287');
insert  into Треки(трек_id, альбом_id, трек, продолжительность)
values(24, 10, 'Evil Deeds', '273');
insert  into Треки(трек_id, альбом_id, трек, продолжительность)
values(25, 10, 'Never Enough', '319');
insert  into Треки(трек_id, альбом_id, трек, продолжительность)
values(26, 11, 'P.I.M.P.', '427');
insert  into Треки(трек_id, альбом_id, трек, продолжительность)
values(27, 11, '8 More Miles', '301');
insert  into Треки(трек_id, альбом_id, трек, продолжительность)
values(28, 12, 'What Up Gangsta', '275');
insert  into Треки(трек_id, альбом_id, трек, продолжительность)
values(29, 12, 'Patiently Waiting', '307');
insert  into Треки(трек_id, альбом_id, трек, продолжительность)
values(30, 12, 'Many Men', '329');
insert  into Треки(трек_id, альбом_id, трек, продолжительность)
values(31, 13, 'Intro', '35');
insert  into Треки(трек_id, альбом_id, трек, продолжительность)
values(32, 13, 'In My Hood', '261');
insert  into Треки(трек_id, альбом_id, трек, продолжительность)
values(33, 13, 'Never Enough', '309');
insert  into Треки(трек_id, альбом_id, трек, продолжительность)
values(34, 14, 'What Is This?', '297');
insert  into Треки(трек_id, альбом_id, трек, продолжительность)
values(35, 15, 'Время есть, а денег нет', '257');
insert  into Треки(трек_id, альбом_id, трек, продолжительность)
values(36, 15, 'просто хочешь ты знать', '301');
insert  into Треки(трек_id, альбом_id, трек, продолжительность)
values(37, 16, 'Тролейбус', '268');
insert  into Треки(трек_id, альбом_id, трек, продолжительность)
values(38, 16, 'Камчатка', '239');
insert  into Треки(трек_id, альбом_id, трек, продолжительность)
values(39, 16, 'Транквилизатор', '312');
insert  into Треки(трек_id, альбом_id, трек, продолжительность)
values(40, 17, 'Лётчик', '325');
insert  into Треки(трек_id, альбом_id, трек, продолжительность)
values(41, 17, 'Детство', '193');
insert  into Треки(трек_id, альбом_id, трек, продолжительность)
values(42, 17, 'Чёрное солнце', '292');

insert  into Сборники(сборник_id, сборник, год)
values(1, 'ПОП сборник', 2000);
insert  into Сборники(сборник_id, сборник, год)
values(2, 'ПОП сборник 2', 2010);
insert  into Сборники(сборник_id, сборник, год)
values(3, 'Хип-Хоп сборник', 2019);
insert  into Сборники(сборник_id, сборник, год)
values(4, 'Рок сборник', 2010);

insert  into ЖанрыИсполнители(жанры, исполнители)
values(1, 1);
insert  into ЖанрыИсполнители(жанры, исполнители)
values(1, 2);
insert  into ЖанрыИсполнители(жанры, исполнители)
values(1, 3);
insert  into ЖанрыИсполнители(жанры, исполнители)
values(2, 4);
insert  into ЖанрыИсполнители(жанры, исполнители)
values(2, 5);
insert  into ЖанрыИсполнители(жанры, исполнители)
values(2, 6);
insert  into ЖанрыИсполнители(жанры, исполнители)
values(3, 7);
insert  into ЖанрыИсполнители(жанры, исполнители)
values(1, 8);
insert  into ЖанрыИсполнители(жанры, исполнители)
values(3, 8);

insert  into ИсполнительАльбом(исполнители, альбомы)
values(1, 1);
insert  into ИсполнительАльбом(исполнители, альбомы)
values(1, 2);
insert  into ИсполнительАльбом(исполнители, альбомы)
values(1, 3);
insert  into ИсполнительАльбом(исполнители, альбомы)
values(2, 4);
insert  into ИсполнительАльбом(исполнители, альбомы)
values(3, 5);
insert  into ИсполнительАльбом(исполнители, альбомы)
values(3, 6);
insert  into ИсполнительАльбом(исполнители, альбомы)
values(3, 7);
insert  into ИсполнительАльбом(исполнители, альбомы)
values(4, 8);
insert  into ИсполнительАльбом(исполнители, альбомы)
values(4, 9);
insert  into ИсполнительАльбом(исполнители, альбомы)
values(4, 10);
insert  into ИсполнительАльбом(исполнители, альбомы)
values(5, 11);
insert  into ИсполнительАльбом(исполнители, альбомы)
values(5, 12);
insert  into ИсполнительАльбом(исполнители, альбомы)
values(5, 13);
insert  into ИсполнительАльбом(исполнители, альбомы)
values(6, 14);
insert  into ИсполнительАльбом(исполнители, альбомы)
values(7, 15);
insert  into ИсполнительАльбом(исполнители, альбомы)
values(7, 16);
insert  into ИсполнительАльбом(исполнители, альбомы)
values(8, 17);


insert  into СборникиТреков(сборники, треки)
values(1, 2);
insert  into СборникиТреков(сборники, треки)
values(1, 3);
insert  into СборникиТреков(сборники, треки)
values(1, 8);
insert  into СборникиТреков(сборники, треки)
values(1, 5);
insert  into СборникиТреков(сборники, треки)
values(1, 9);
insert  into СборникиТреков(сборники, треки)
values(2, 13);
insert  into СборникиТреков(сборники, треки)
values(2, 11);
insert  into СборникиТреков(сборники, треки)
values(2, 14);
insert  into СборникиТреков(сборники, треки)
values(2, 17);
insert  into СборникиТреков(сборники, треки)
values(2, 10);
insert  into СборникиТреков(сборники, треки)
values(2, 12);
insert  into СборникиТреков(сборники, треки)
values(2, 15);
insert  into СборникиТреков(сборники, треки)
values(3, 21);
insert  into СборникиТреков(сборники, треки)
values(3, 18);
insert  into СборникиТреков(сборники, треки)
values(3, 23);
insert  into СборникиТреков(сборники, треки)
values(3, 20);
insert  into СборникиТреков(сборники, треки)
values(3, 19);
insert  into СборникиТреков(сборники, треки)
values(3, 22);
insert  into СборникиТреков(сборники, треки)
values(3, 30);
insert  into СборникиТреков(сборники, треки)
values(3, 34);
insert  into СборникиТреков(сборники, треки)
values(3, 29);
insert  into СборникиТреков(сборники, треки)
values(4, 41);
insert  into СборникиТреков(сборники, треки)
values(4, 35);
insert  into СборникиТреков(сборники, треки)
values(4, 39);
insert  into СборникиТреков(сборники, треки)
values(4, 37);
insert  into СборникиТреков(сборники, треки)
values(4, 36);
